﻿Designator,Footprint,Quantity,Value,LCSC Part #
"C1, C2",0603,2,1.0uF,
"C3, C4, C5",0603,3,4.7uF,
D1,0603,1,Red,
D2,SOD-323,1,PMEG4005EJ,
"FID3, FID4",Fiducial_0.5mm_Mask1mm,2,Fiducial_0.5mm,
"J1, J2",JST_SMD_1.0mm-4_Black,2,Qwiic_RA,
J3,1x06,1,Conn_01x06,
J4,FPC_0.5mm-24,1,Conn_01x24_FPC,
JP1,Jumper_2_NC_Trace,1,~,
JP2,Jumper_3_NC-2_Trace,1,~,
JP3,Jumper_2_NO,1,ADR,
JP6,Jumper_2_NO,1,IM1,
JP7,Jumper_2_NO,1,IM2,
L1,0805,1,10uH,
"R10, R11, R7",0603,3,10k,
R12,0603,1,68.1k,
R3,0603,1,4.7k,
"R4, R5",0603,2,2.2k,
R6,0603,1,569k,
R9,0603,1,7.5k,
"ST1, ST2, ST3, ST4",Standoff,4,Standoff,
TP1,TestPoint-1.0mm,1,1.0mm,
U2,OLED_1.5in_128x128-Folded,1,WEO128128ASAP3N00000,
U5,SOT23-5,1,AP3012,
